Tm,Abv.,W,L,T,W-L%,PF,PA,PD,MoV,SoS,SRS,OSRS,DSRS
Philadelphia Eagles*,PHI,14,3,0,0.824,477,344,133,7.8,-1.3,6.5,5.8,0.7
Kansas City Chiefs*,KC,14,3,0,0.824,496,369,127,7.5,-1.2,6.2,6.8,-0.6
Buffalo Bills*,BUF,13,3,0,0.813,455,286,169,10.6,0.4,10.9,7.1,3.8
San Francisco 49ers*,SF,13,4,0,0.765,450,277,173,10.2,-2.3,7.9,3.3,4.6
Minnesota Vikings*,MIN,13,4,0,0.765,424,427,-3,-0.2,0.1,-0.1,2.8,-2.9
Cincinnati Bengals*,CIN,12,4,0,0.75,418,322,96,6,0.9,6.9,5.5,1.4
Dallas Cowboys+,DAL,12,5,0,0.706,467,342,125,7.4,-0.8,6.5,5.3,1.3
Baltimore Ravens+,BAL,10,7,0,0.588,350,315,35,2.1,1.1,3.1,-0.2,3.4
Los Angeles Chargers+,LAC,10,7,0,0.588,391,384,7,0.4,-1.3,-0.9,0.1,-1
New York Giants+,NYG,9,7,1,0.559,365,371,-6,-0.4,0,-0.4,-0.8,0.4
Jacksonville Jaguars*,JAX,9,8,0,0.529,404,350,54,3.2,-1.4,1.8,1.6,0.2
Detroit Lions,DET,9,8,0,0.529,453,427,26,1.5,0.7,2.2,4.7,-2.4
Seattle Seahawks+,SEA,9,8,0,0.529,407,401,6,0.4,-0.8,-0.5,1.9,-2.4
Miami Dolphins+,MIA,9,8,0,0.529,397,399,-2,-0.1,2,1.8,2.7,-0.9
Pittsburgh Steelers,PIT,9,8,0,0.529,308,346,-38,-2.2,1.5,-0.8,-3,2.3
Washington Commanders,WAS,8,8,1,0.5,321,343,-22,-1.3,0.4,-0.9,-3.5,2.6
New England Patriots,NE,8,9,0,0.471,364,347,17,1,1,2,-0.3,2.3
Green Bay Packers,GB,8,9,0,0.471,370,371,-1,-0.1,0.4,0.3,-0.3,0.6
Tampa Bay Buccaneers*,TB,8,9,0,0.471,313,358,-45,-2.6,0.4,-2.3,-3.3,1.1
New Orleans Saints,NO,7,10,0,0.412,330,345,-15,-0.9,-0.3,-1.2,-2.8,1.7
New York Jets,NYJ,7,10,0,0.412,296,316,-20,-1.2,2,0.8,-4,4.8
Cleveland Browns,CLE,7,10,0,0.412,361,381,-20,-1.2,1.1,-0.1,0.7,-0.9
Atlanta Falcons,ATL,7,10,0,0.412,365,386,-21,-1.2,-0.9,-2.1,-0.1,-2
Carolina Panthers,CAR,7,10,0,0.412,347,374,-27,-1.6,-0.6,-2.2,-1.3,-0.9
Tennessee Titans,TEN,7,10,0,0.412,298,359,-61,-3.6,0,-3.6,-4.7,1.1
Las Vegas Raiders,LV,6,11,0,0.353,395,418,-23,-1.4,-1.1,-2.5,1.2,-3.7
Denver Broncos,DEN,5,12,0,0.294,287,359,-72,-4.2,-0.7,-5,-5.6,0.6
Los Angeles Rams,LAR,5,12,0,0.294,307,384,-77,-4.5,0.5,-4,-4.1,0
Indianapolis Colts,IND,4,12,1,0.265,289,427,-138,-8.1,-0.5,-8.6,-4.9,-3.7
Arizona Cardinals,ARI,4,13,0,0.235,340,449,-109,-6.4,0.2,-6.2,-1.9,-4.3
Houston Texans,HOU,3,13,1,0.206,289,420,-131,-7.7,-0.8,-8.5,-5.4,-3.1
Chicago Bears,CHI,3,14,0,0.176,326,463,-137,-8.1,1.6,-6.4,-2.5,-4